{"cameraMode":{"drawMode":0,"name":"Shaded","section":"Shading Mode"},"sceneLighting":true,"audioPlay":false,"sceneViewState":{"m_AlwaysRefresh":false,"showFog":true,"showSkybox":true,"showFlares":true,"showImageEffects":true,"showParticleSystems":true,"showVisualEffectGraphs":true,"m_FxEnabled":true},"in2DMode":false,"pivot":{"x":-0.8117470741271973,"y":3.703749895095825,"z":-3.7635152339935304},"rotation":{"x":0.08204824477434159,"y":-0.8786212801933289,"z":0.16342322528362275,"w":0.44112300872802737},"size":2.4627342224121095,"orthographic":false}