{"cameraMode":{"drawMode":0,"name":"Shaded","section":"Shading Mode"},"sceneLighting":true,"audioPlay":false,"sceneViewState":{"m_AlwaysRefresh":false,"showFog":true,"showSkybox":true,"showFlares":true,"showImageEffects":true,"showParticleSystems":true,"showVisualEffectGraphs":true,"m_FxEnabled":true},"in2DMode":false,"pivot":{"x":35.73936080932617,"y":5.8740973472595219,"z":-11.226592063903809},"rotation":{"x":0.011484692804515362,"y":0.7512969374656677,"z":-0.013068534433841706,"w":0.6597499251365662},"size":7.136419773101807,"orthographic":false}