{"cameraMode":{"drawMode":0,"name":"Shaded","section":"Shading Mode"},"sceneLighting":false,"audioPlay":false,"sceneViewState":{"m_AlwaysRefresh":false,"showFog":true,"showSkybox":false,"showFlares":true,"showImageEffects":true,"showParticleSystems":true,"showVisualEffectGraphs":true,"m_FxEnabled":true},"in2DMode":false,"pivot":{"x":5.53000020980835,"y":2.4948039054870607,"z":-3.973402976989746},"rotation":{"x":-0.0022251117043197157,"y":0.900709867477417,"z":-0.004599169362336397,"w":-0.43442466855049136},"size":0.08660273253917694,"orthographic":false}