{"cameraMode":{"drawMode":0,"name":"Shaded","section":"Shading Mode"},"sceneLighting":false,"audioPlay":false,"sceneViewState":{"m_AlwaysRefresh":false,"showFog":true,"showSkybox":false,"showFlares":true,"showImageEffects":true,"showParticleSystems":true,"showVisualEffectGraphs":true,"m_FxEnabled":true},"in2DMode":false,"pivot":{"x":35.66000747680664,"y":2.1900458335876467,"z":1.5165538787841797},"rotation":{"x":-0.0022251117043197157,"y":0.900709867477417,"z":-0.004599169362336397,"w":-0.43442466855049136},"size":1.7232513427734376,"orthographic":false}